{
  "losses": [
    0.12191686592352273,
    0.0890339604297774,
    0.06514317651934179,
    0.050348720123722795,
    0.04146161269366362,
    0.035920399834663407,
    0.032216092526648255,
    0.02958163122376627,
    0.02759712782268916,
    0.026072826470333123,
    0.02486076030240793,
    0.023924728375748407,
    0.02317552336790087,
    0.022580546133046,
    0.022091347926614067,
    0.021715414575667266,
    0.02137739756363804,
    0.021116108307640692,
    0.020879354575823655,
    0.020709855900651962,
    0.020535078094606113,
    0.02040218558528244,
    0.02027331145636032,
    0.020191281612935413,
    0.02011240510683667,
    0.020031335391207303,
    0.019966707123364923,
    0.01992179242704769,
    0.019870437451647415,
    0.019834515975384978,
    0.019794806212777058,
    0.019771885721771083,
    0.01974813040883393,
    0.019715452132999366,
    0.019697223979975597,
    0.0196902686619931,
    0.01966593507428058,
    0.019674243012072306,
    0.019649162031010196,
    0.019656538501505304,
    0.01965108248452095,
    0.019641752625816473,
    0.019629256116172934,
    0.019629495030091978,
    0.019626619271320197,
    0.019621780355975792,
    0.019626206606641383,
    0.019624348122536946,
    0.01962523454093689,
    0.0196143311754172
  ],
  "metrics": {
    "adjusted_arithmetic_mean_rank": {
      "both": {
        "realistic": 0.1272627825655376
      },
      "head": {
        "realistic": 0.1498345098051436
      },
      "tail": {
        "realistic": 0.1047281646558586
      }
    },
    "adjusted_arithmetic_mean_rank_index": {
      "both": {
        "realistic": 0.8728246103659493
      },
      "head": {
        "realistic": 0.8502506929744685
      },
      "tail": {
        "realistic": 0.8953614111134492
      }
    },
    "arithmetic_mean_rank": {
      "both": {
        "optimistic": 1271.0186397526822,
        "pessimistic": 1271.0196399345336,
        "realistic": 1271.019139843608
      },
      "head": {
        "optimistic": 1495.2196763047828,
        "pessimistic": 1495.2202218585198,
        "realistic": 1495.2199490816513
      },
      "tail": {
        "optimistic": 1046.817603200582,
        "pessimistic": 1046.8190580105475,
        "realistic": 1046.8183306055646
      }
    },
    "geometric_mean_rank": {
      "both": {
        "optimistic": 272.60869410107716,
        "pessimistic": 272.6099745336337,
        "realistic": 272.6093387722402
      },
      "head": {
        "optimistic": 479.5824272826038,
        "pessimistic": 479.5825324965686,
        "realistic": 479.582479897002
      },
      "tail": {
        "optimistic": 154.95876385750665,
        "pessimistic": 154.96018553544826,
        "realistic": 154.95947975788985
      }
    },
    "harmonic_mean_rank": {
      "both": {
        "optimistic": 21.458610194015325,
        "pessimistic": 21.458670412514852,
        "realistic": 21.458640819130075
      },
      "head": {
        "optimistic": 41.93714510293222,
        "pessimistic": 41.93714532058277,
        "realistic": 41.937145211794686
      },
      "tail": {
        "optimistic": 14.418057277319415,
        "pessimistic": 14.41811162301062,
        "realistic": 14.418084915923206
      }
    },
    "hits_at_k": {
      "both": {
        "optimistic": {
          "1": 0.01154755410074559,
          "3": 0.05055464629932715,
          "5": 0.07164939079832697,
          "10": 0.10929259865430078
        },
        "pessimistic": {
          "1": 0.01154755410074559,
          "3": 0.05055464629932715,
          "5": 0.07164939079832697,
          "10": 0.10929259865430078
        },
        "realistic": {
          "1": 0.01154755410074559,
          "3": 0.05055464629932715,
          "5": 0.07164939079832697,
          "10": 0.10929259865430078
        }
      },
      "head": {
        "optimistic": {
          "1": 0.004728132387706856,
          "3": 0.022185851973086014,
          "5": 0.03273322422258593,
          "10": 0.05455537370430987
        },
        "pessimistic": {
          "1": 0.004728132387706856,
          "3": 0.022185851973086014,
          "5": 0.03273322422258593,
          "10": 0.05455537370430987
        },
        "realistic": {
          "1": 0.004728132387706856,
          "3": 0.022185851973086014,
          "5": 0.03273322422258593,
          "10": 0.05455537370430987
        }
      },
      "tail": {
        "optimistic": {
          "1": 0.018366975813784325,
          "3": 0.07892344062556829,
          "5": 0.11056555737406801,
          "10": 0.1640298236042917
        },
        "pessimistic": {
          "1": 0.018366975813784325,
          "3": 0.07892344062556829,
          "5": 0.11056555737406801,
          "10": 0.1640298236042917
        },
        "realistic": {
          "1": 0.018366975813784325,
          "3": 0.07892344062556829,
          "5": 0.11056555737406801,
          "10": 0.1640298236042917
        }
      }
    },
    "inverse_arithmetic_mean_rank": {
      "both": {
        "optimistic": 0.0007867705230464459,
        "pessimistic": 0.0007867699039265097,
        "realistic": 0.000786770213486356
      },
      "head": {
        "optimistic": 0.0006687980474356478,
        "pessimistic": 0.0006687978034145539,
        "realistic": 0.0006687979254250785
      },
      "tail": {
        "optimistic": 0.0009552762553309765,
        "pessimistic": 0.0009552749277420246,
        "realistic": 0.0009552755915360394
      }
    },
    "inverse_geometric_mean_rank": {
      "both": {
        "optimistic": 0.0036682615838701848,
        "pessimistic": 0.003668244354267468,
        "realistic": 0.0036682529091033103
      },
      "head": {
        "optimistic": 0.0020851472929610273,
        "pessimistic": 0.0020851468355077233,
        "realistic": 0.002085147064202108
      },
      "tail": {
        "optimistic": 0.006453329744676826,
        "pessimistic": 0.006453270538781349,
        "realistic": 0.00645329993081036
      }
    },
    "inverse_harmonic_mean_rank": {
      "both": {
        "optimistic": 0.04660134048564309,
        "pessimistic": 0.04660120971040185,
        "realistic": 0.04660127397763768
      },
      "head": {
        "optimistic": 0.023845209242201862,
        "pessimistic": 0.023845209118447064,
        "realistic": 0.02384520918030332
      },
      "tail": {
        "optimistic": 0.06935747172908434,
        "pessimistic": 0.06935721030235663,
        "realistic": 0.06935733877497204
      }
    },
    "inverse_median_rank": {
      "both": {
        "optimistic": 0.0023094688221709007,
        "pessimistic": 0.0023094688221709007,
        "realistic": 0.0023094688221709007
      },
      "head": {
        "optimistic": 0.001272264631043257,
        "pessimistic": 0.001272264631043257,
        "realistic": 0.001272264631043257
      },
      "tail": {
        "optimistic": 0.005154639175257732,
        "pessimistic": 0.005154639175257732,
        "realistic": 0.005154639175257732
      }
    },
    "median_rank": {
      "both": {
        "optimistic": 433.0,
        "pessimistic": 433.0,
        "realistic": 433.0
      },
      "head": {
        "optimistic": 786.0,
        "pessimistic": 786.0,
        "realistic": 786.0
      },
      "tail": {
        "optimistic": 194.0,
        "pessimistic": 194.0,
        "realistic": 194.0
      }
    },
    "rank_mad": {
      "both": {
        "optimistic": 422.0,
        "pessimistic": 422.0,
        "realistic": 422.0
      },
      "head": {
        "optimistic": 741.0,
        "pessimistic": 741.0,
        "realistic": 741.0
      },
      "tail": {
        "optimistic": 190.0,
        "pessimistic": 190.0,
        "realistic": 190.0
      }
    },
    "rank_std": {
      "both": {
        "optimistic": 1994.3025510987654,
        "pessimistic": 1994.3038145762557,
        "realistic": 1994.3031827749833
      },
      "head": {
        "optimistic": 1909.1424414448375,
        "pessimistic": 1909.1430072314165,