{"test results": {"1": [[89.343, 90.076, 90.419], 357.30180952380954, 0.8991475808605791], "2": [[69.533, 77.21, 79.571], 746.7200952380952, 0.7399999559187609], "3": [[65.419, 72.895, 75.314], 753.691238095238, 0.7000269447018714], "4": [[83.314, 84.219, 84.6], 459.10400000000004, 0.84001052112999], "5": [[78.048, 83.181, 84.99], 523.1046666666667, 0.8110497054258443]}}