{"test results": {"fold1": [[99.999, 100.0, 100.0], 1.0000142857142857, 0.9999928571428571], "fold2": [[100.0, 100.0, 100.0], 1.0, 1.0], "fold3": [[100.0, 100.0, 100.0], 1.0, 1.0], "fold4": [[99.981, 100.0, 100.0], 1.0001857142857142, 0.9999071428571427], "fold5": [[99.999, 100.0, 100.0], 1.0000142857142857, 0.9999928571428571]}}