{"test results": {"fold1": [[84.65, 89.481, 91.173], 5.386742857142858, 0.8770111349405724], "fold2": [[79.156, 85.017, 87.11], 11.62852857142857, 0.8291567247404015], "fold3": [[91.416, 94.826, 95.967], 2.6700428571428567, 0.9347680484095037], "fold4": [[90.494, 93.991, 95.19], 3.0601999999999996, 0.9265349511878628], "fold5": [[85.964, 90.727, 92.423], 4.423585714285714, 0.8895368374348817]}}