{
  "losses": [
    0.12229101892127575,
    0.08892029409976307,
    0.06363342114938855,
    0.04901783351545505,
    0.040875607176820705,
    0.035932007541078,
    0.03267739705728278,
    0.030377561101883055,
    0.028651369214872144,
    0.027290289065840266,
    0.026178295299484868,
    0.02525336264818184,
    0.024467299579547408,
    0.023785964385253537,
    0.0232310682875611,
    0.022698906867694955,
    0.022254282395521695,
    0.021897391280447098,
    0.021583090621756566,
    0.021315798379065026,
    0.021061488254807897,
    0.020857159839014698,
    0.020675877299339646,
    0.02051560649142849,
    0.020373270662246604,
    0.020258521426446446,
    0.020146293636691022,
    0.02006075906214501,
    0.01997305399633653,
    0.019899052463291787,
    0.019839203582374808,
    0.019791086211522382,
    0.019743775337735657,
    0.019710543688525848,
    0.019670222338758602,
    0.019635914866480735,
    0.019604139788593395,
    0.019592996379814685,
    0.019566910441426697,
    0.019552860763695033,
    0.01953770017461529,
    0.01951570954297043,
    0.019510105777675604,
    0.0194979081947135,
    0.019482654557674894,
    0.019473326395956576,
    0.01947257239737717,
    0.019461317987618174,
    0.019451143611284825,
    0.01944969240085209
  ],
  "metrics": {
    "adjusted_arithmetic_mean_rank": {
      "both": {
        "realistic": 0.11398142741916376
      },
      "head": {
        "realistic": 0.13489732668063284
      },
      "tail": {
        "realistic": 0.09310146756425663
      }
    },
    "adjusted_arithmetic_mean_rank_index": {
      "both": {
        "realistic": 0.8861087968097076
      },
      "head": {
        "realistic": 0.8651908434830557
      },
      "tail": {
        "realistic": 0.9069908035433717
      }
    },
    "arithmetic_mean_rank": {
      "both": {
        "optimistic": 1119.432174437299,
        "pessimistic": 1119.433078778135,
        "realistic": 1119.432626607717
      },
      "head": {
        "optimistic": 1323.7120176848875,
        "pessimistic": 1323.7126205787781,
        "realistic": 1323.7123191318328
      },
      "tail": {
        "optimistic": 915.1523311897106,
        "pessimistic": 915.153536977492,
        "realistic": 915.1529340836013
      }
    },
    "geometric_mean_rank": {
      "both": {
        "optimistic": 215.39207454279162,
        "pessimistic": 215.3938262265974,
        "realistic": 215.39296338205614
      },
      "head": {
        "optimistic": 373.517638866542,
        "pessimistic": 373.51789592190573,
        "realistic": 373.5177674617937
      },
      "tail": {
        "optimistic": 124.20764362462693,
        "pessimistic": 124.20957839790812,
        "realistic": 124.20862597720833
      }
    },
    "harmonic_mean_rank": {
      "both": {
        "optimistic": 19.06485252046102,
        "pessimistic": 19.065028110558096,
        "realistic": 19.06494331581326
      },
      "head": {
        "optimistic": 34.23995747783233,
        "pessimistic": 34.239959175055255,
        "realistic": 34.23995832748435
      },
      "tail": {
        "optimistic": 13.210136898596431,
        "pessimistic": 13.210305254392546,
        "realistic": 13.210223957199736
      }
    },
    "hits_at_k": {
      "both": {
        "optimistic": {
          "1": 0.011454983922829582,
          "3": 0.060490353697749195,
          "5": 0.08460610932475884,
          "10": 0.12469855305466238
        },
        "pessimistic": {
          "1": 0.011454983922829582,
          "3": 0.060490353697749195,
          "5": 0.08460610932475884,
          "10": 0.12469855305466238
        },
        "realistic": {
          "1": 0.011454983922829582,
          "3": 0.060490353697749195,
          "5": 0.08460610932475884,
          "10": 0.12469855305466238
        }
      },
      "head": {
        "optimistic": {
          "1": 0.004622186495176849,
          "3": 0.0297427652733119,
          "5": 0.04561897106109325,
          "10": 0.07154340836012862
        },
        "pessimistic": {
          "1": 0.004622186495176849,
          "3": 0.0297427652733119,
          "5": 0.04561897106109325,
          "10": 0.07154340836012862
        },
        "realistic": {
          "1": 0.004622186495176849,
          "3": 0.0297427652733119,
          "5": 0.04561897106109325,
          "10": 0.07154340836012862
        }
      },
      "tail": {
        "optimistic": {
          "1": 0.018287781350482316,
          "3": 0.0912379421221865,
          "5": 0.12359324758842444,
          "10": 0.17785369774919615
        },
        "pessimistic": {
          "1": 0.018287781350482316,
          "3": 0.0912379421221865,
          "5": 0.12359324758842444,
          "10": 0.17785369774919615
        },
        "realistic": {
          "1": 0.018287781350482316,
          "3": 0.0912379421221865,
          "5": 0.12359324758842444,
          "10": 0.17785369774919615
        }
      }
    },
    "inverse_arithmetic_mean_rank": {
      "both": {
        "optimistic": 0.0008933100395320212,
        "pessimistic": 0.0008933093178660607,
        "realistic": 0.0008933096786988952
      },
      "head": {
        "optimistic": 0.0007554513267538016,
        "pessimistic": 0.0007554509826783714,
        "realistic": 0.0007554511547160472
      },
      "tail": {
        "optimistic": 0.0010927142574176545,
        "pessimistic": 0.0010927128176794608,
        "realistic": 0.0010927135375480835
      }
    },
    "inverse_geometric_mean_rank": {
      "both": {
        "optimistic": 0.004642696357898403,
        "pessimistic": 0.004642658601310075,
        "realistic": 0.004642677199376457
      },
      "head": {
        "optimistic": 0.002677249735874724,
        "pessimistic": 0.002677247893388963,
        "realistic": 0.0026772488141472085
      },
      "tail": {
        "optimistic": 0.008051034306891301,
        "pessimistic": 0.00805090889847865,
        "realistic": 0.008050970632132224
      }
    },
    "inverse_harmonic_mean_rank": {
      "both": {
        "optimistic": 0.05245254317738716,
        "pessimistic": 0.052452060086195525,
        "realistic": 0.052452293376112916
      },
      "head": {
        "optimistic": 0.029205643746707956,
        "pessimistic": 0.02920564229902842,
        "realistic": 0.0292056430219806
      },
      "tail": {
        "optimistic": 0.07569944260806634,
        "pessimistic": 0.07569847787336262,
        "realistic": 0.07569894373024522
      }
    },
    "inverse_median_rank": {
      "both": {
        "optimistic": 0.0034602076124567475,
        "pessimistic": 0.0034602076124567475,
        "realistic": 0.0034602076124567475
      },
      "head": {
        "optimistic": 0.001953125,
        "pessimistic": 0.001953125,
        "realistic": 0.001953125
      },
      "tail": {
        "optimistic": 0.007042253521126761,
        "pessimistic": 0.007042253521126761,
        "realistic": 0.007042253521126761
      }
    },
    "median_rank": {
      "both": {
        "optimistic": 289.0,
        "pessimistic": 289.0,
        "realistic": 289.0
      },
      "head": {
        "optimistic": 512.0,
        "pessimistic": 512.0,
        "realistic": 512.0
      },
      "tail": {
        "optimistic": 142.0,
        "pessimistic": 142.0,
        "realistic": 142.0
      }
    },
    "rank_mad": {
      "both": {
        "optimistic": 281.0,
        "pessimistic": 281.0,
        "realistic": 281.0
      },
      "head": {
        "optimistic": 487.0,
        "pessimistic": 487.0,
        "realistic": 487.0
      },
      "tail": {
        "optimistic": 138.0,
        "pessimistic": 138.0,
        "realistic": 138.0
      }
    },
    "rank_std": {
      "both": {
        "optimistic": 1936.7788722883308,
        "pessimistic": 1936.779674454083,
        "realistic": 1936.779273312935
      },
      "head": {
        "optimistic": 1935.0027499586497,
        "pessimistic": 1935.0032860050567,