{"test results": {"fold1": [[99.886, 100.0, 100.0], 1.0011428571428571, 0.9994285714285714], "fold2": [[100.0, 100.0, 100.0], 0.9999999999999999, 0.9999999999999999], "fold3": [[99.829, 100.0, 100.0], 1.0018095238095237, 0.9991269841269841], "fold4": [[100.0, 100.0, 100.0], 0.9999999999999999, 0.9999999999999999], "fold5": [[99.038, 99.924, 99.981], 1.0135238095238097, 0.9946755102040816]}}