{"test results": {"fold1": [[99.0, 99.876, 99.99], 1.0145714285714285, 0.994420634920635], "fold2": [[99.019, 99.952, 99.99], 1.0117142857142856, 0.9948523809523809], "fold3": [[99.343, 99.943, 99.981], 1.0087619047619047, 0.9964833333333334], "fold4": [[98.971, 99.962, 100.0], 1.0126666666666666, 0.9944920634920634], "fold5": [[98.505, 99.848, 99.943], 1.0224761904761905, 0.9916835600907029]}}