{"test results": {"fold1": [[99.976, 100.0, 100.0], 1.000257142857143, 0.9998761904761905], "fold2": [[99.997, 100.0, 100.0], 1.0000285714285715, 0.9999857142857143], "fold3": [[100.0, 100.0, 100.0], 1.0, 1.0], "fold4": [[99.986, 100.0, 100.0], 1.0001428571428572, 0.9999285714285714], "fold5": [[100.0, 100.0, 100.0], 1.0, 1.0]}}