{"test results": {"fold1": [[100.0, 100.0, 100.0], 0.9999999999999999, 0.9999999999999999], "fold2": [[100.0, 100.0, 100.0], 0.9999999999999999, 0.9999999999999999], "fold3": [[100.0, 100.0, 100.0], 0.9999999999999999, 0.9999999999999999], "fold4": [[100.0, 100.0, 100.0], 0.9999999999999999, 0.9999999999999999], "fold5": [[100.0, 100.0, 100.0], 0.9999999999999999, 0.9999999999999999]}}